{"forms":[{"uiSyntax":"arkts","isDefault":true,"src":"./ets/agency/pages/AgencyCard.ets","scheduledUpdateTime":"00:00","defaultDimension":"2*4","name":"agency","description":"This is a service widget.","colorMode":"auto","window":{"designWidth":720,"autoDesignWidth":true},"supportDimensions":["2*4"],"updateEnabled":true},{"uiSyntax":"arkts","isDefault":false,"src":"./ets/progress/pages/ProgressCard.ets","scheduledUpdateTime":"00:00","defaultDimension":"2*2","name":"progress","description":"This is a service widget.","colorMode":"auto","window":{"designWidth":720,"autoDesignWidth":true},"supportDimensions":["2*2"],"updateEnabled":true}]}