{"app":{"iconId":16777217,"debug":true,"minAPIVersion":50000012,"icon":"$media:app_icon","label":"$string:app_name","bundleType":"app","versionName":"1.0.0","versionCode":1000000,"appEnvironments":[],"compileSdkType":"HarmonyOS","labelId":16777216,"compileSdkVersion":"5.0.0.25","targetAPIVersion":50000012,"vendor":"example","bundleName":"com.example.healthy_life","apiReleaseType":"Beta1"},"module":{"virtualMachine":"ark12.0.2.0","mainElement":"EntryAbility","installationFree":false,"deliveryWithInstall":true,"requestPermissions":[{"reason":"$string:module_desc","reasonId":16777250,"usedScene":{"abilities":["EntryAbility"],"when":"always"},"name":"ohos.permission.READ_MEDIA"},{"reason":"$string:task_reason","reasonId":16777271,"usedScene":{"abilities":["EntryAbility"],"when":"always"},"name":"ohos.permission.PUBLISH_AGENT_REMINDER"}],"description":"$string:module_desc","extensionAbilities":[{"metadata":[{"resourceId":16777496,"resource":"$profile:form_config","name":"ohos.extension.form"}],"srcEntry":"./ets/entryformability/EntryFormAbility.ets","descriptionId":16777224,"labelId":16777225,"name":"EntryFormAbility","description":"$string:EntryFormAbility_desc","label":"$string:EntryFormAbility_label","type":"form"}],"compileMode":"esmodule","type":"entry","dependencies":[],"abilities":[{"exported":true,"iconId":16777481,"orientation":"portrait","startWindowIconId":16777481,"icon":"$media:logo","startWindowIcon":"$media:logo","startWindowBackgroundId":16777314,"description":"$string:EntryAbility_desc","label":"$string:EntryAbility_label","skills":[{"entities":["entity.system.home"],"actions":["action.system.home"]}],"srcEntry":"./ets/entryability/EntryAbility.ets","descriptionId":16777222,"labelId":16777223,"startWindowBackground":"$color:white","name":"EntryAbility"}],"deviceTypes":["phone"],"pages":"$profile:main_pages","descriptionId":16777250,"name":"entry","packageName":"entry"}}